date,region,manager,product,quantity,price
2026-01-01,Північ,Тарас,Мишка,10,644.95
2026-01-04,Захід,Марта,Клавіатура,2,1164.59
2026-01-05,Південь,Ігор,Ноутбук,1,33749.8
2026-01-06,Схід,Олена,Ноутбук,3,34615.07
2026-01-07,Північ,Тарас,Ноутбук,1,29206.5
2026-01-07,Схід,Ігор,Клавіатура,10,1158.03
2026-01-08,Схід,Олена,Ноутбук,2,31818.96
2026-01-09,Схід,Марта,Клавіатура,1,1107.29
2026-01-13,Північ,Олена,Клавіатура,2,1273.18
2026-01-14,Південь,Ігор,Ноутбук,3,30639.24
2026-01-15,Північ,Олена,Монітор,3,7435.33
2026-01-15,Захід,Олена,Монітор,5,7969.49
2026-01-15,Схід,Марта,Мишка,5,674.29
2026-01-17,Південь,Олена,Мишка,,619.29
2026-01-20,Південь,Тарас,Монітор,2,7429.6
2026-01-22,Північ,Ігор,Клавіатура,2,1217.86
2026-01-23,Захід,Марта,Мишка,2,585.4
2026-01-23,Північ,Ігор,Мишка,2,641.54
2026-01-24,Схід,Олена,Мишка,1,623.6
2026-01-25,Північ,Олена,Клавіатура,1,1160.43
2026-01-26,Південь,Олена,Мишка,5,698.51
2026-01-27,Північ,Тарас,Клавіатура,1,1136.91
2026-01-30,Північ,Олена,Монітор,3,8186.09
2026-02-01,Південь,Марта,Клавіатура,5,1139.99
2026-02-01,Захід,Ігор,Мишка,5,625.83
2026-02-02,Схід,Марта,Монітор,1,7269.05
2026-02-03,Південь,Ігор,Монітор,,8067.69
2026-02-04,Захід,Тарас,Ноутбук,3,29898.06
2026-02-05,Схід,Ігор,Ноутбук,10,29695.24
2026-02-07,Захід,Марта,Клавіатура,1,1296.98
2026-02-10,Захід,Марта,Клавіатура,10,1115.2
2026-02-11,Північ,Марта,Мишка,10,597.06
2026-02-12,Південь,Ігор,Монітор,2,7259.87
2026-02-13,Північ,Тарас,Монітор,2,7917.03
2026-02-13,Північ,Марта,Ноутбук,1,34757.51
2026-02-13,Захід,Ігор,Клавіатура,5,1150.04
2026-02-14,Південь,Олена,Мишка,5,633.81
2026-02-17,Схід,Ігор,Мишка,2,588.94
2026-02-18,Південь,Тарас,Клавіатура,2,1144.66
2026-02-19,Схід,Тарас,Монітор,2,7424.07
2026-02-19,Схід,Марта,Мишка,2,667.81
2026-02-20,Захід,Ігор,Клавіатура,5,1310.62
2026-02-21,Схід,Ігор,Клавіатура,2,1289.93
2026-02-24,Північ,Марта,Ноутбук,1,31896.61
2026-02-24,Південь,Олена,Клавіатура,2,1115.12
2026-02-25,Північ,Тарас,Монітор,2,7600.28
2026-02-25,Захід,Ігор,Монітор,2,7952.38
2026-02-25,Південь,Марта,Ноутбук,3,32755.44
2026-02-26,Захід,Марта,Ноутбук,10,32645.91
2026-02-27,Північ,Олена,Клавіатура,10,1218.23
2026-03-02,Південь,Олена,Монітор,10,7239.29
2026-03-03,Північ,Ігор,Клавіатура,2,1145.39
2026-03-05,Південь,Олена,Ноутбук,10,31978.86
2026-03-05,Схід,Олена,Монітор,,7039.54
2026-03-05,Південь,Тарас,Мишка,2,602.63
2026-03-06,Північ,Ігор,Монітор,3,7090.78
2026-03-07,Схід,Ігор,Клавіатура,3,1082.9
2026-03-08,Південь,Олена,Ноутбук,5,33588.45
2026-03-08,Північ,Тарас,Ноутбук,10,34487.96
2026-03-10,Схід,Марта,Ноутбук,1,33833.41
2026-03-11,Захід,Олена,Клавіатура,3,1216.59
2026-03-13,Захід,Тарас,Монітор,5,7053.93
2026-03-17,Захід,Олена,Клавіатура,1,1296.16
2026-03-21,захід,Тарас,Клавіатура,2,1152.67
2026-03-22,Схід,Тарас,Ноутбук,5,28901.21
2026-03-23,Схід,Олена,Ноутбук,1,34640.55
2026-03-24,Північ,Ігор,Ноутбук,2,31491.69
2026-03-25,Північ,Марта,Монітор,2,7464.08
2026-03-25,Захід,Олена,Ноутбук,2,28830.9
2026-03-28,Захід,Олена,Клавіатура,2,1130.7
2026-03-29,Північ,Марта,Мишка,2,603.29
2026-03-29,Захід,Олена,Монітор,3,7241.99
2026-04-01,Північ,Олена,Ноутбук,5,30763.55
2026-04-03,Північ,Ігор,Ноутбук,1,32000.9
2026-04-05,Схід,Марта,Монітор,10,8247.15
2026-04-05,Захід,Тарас,Клавіатура,1,1198.17
2026-04-06,Північ,Олена,Ноутбук,5,34540.03
2026-04-06,Південь,Марта,Клавіатура,2,1194.89
2026-04-07,Південь,Ігор,Клавіатура,2,1306.77
2026-04-09,Схід,Тарас,Клавіатура,3,1301.22
2026-04-09,Захід,Тарас,Монітор,2,8036.7
2026-04-09,Захід,Олена,Ноутбук,,32219.38
2026-04-11,Схід,Марта,Клавіатура,3,1286.93
2026-04-14,Захід,Тарас,Ноутбук,10,33145.13
2026-04-15,Південь,Ігор,Ноутбук,10,32046.65
2026-04-15,Південь,Ігор,Ноутбук,10,32046.65
2026-04-16,Південь,Олена,Мишка,3,628.57
2026-04-20,Захід,Ігор,Мишка,2,664.44
2026-04-22,Захід,Олена,Клавіатура,1,1187.77
2026-04-23,Північ,Марта,Ноутбук,2,29360.29
2026-04-26,Захід,Тарас,Ноутбук,,30683.12
2026-04-26,Схід,Ігор,Монітор,1,7877.97
2026-04-26,Південь,Марта,Клавіатура,1,1202.03
2026-04-26,Схід,Марта,Клавіатура,1,1309.4
2026-04-27,Захід,Олена,Монітор,10,7669.24
2026-04-30,Схід,Марта,Клавіатура,1,1193.71
2026-04-30,Північ,Ігор,Клавіатура,2,1175.88
2026-05-01,Захід,Ігор,Клавіатура,1,1269.7
2026-05-01,Схід,Олена,Монітор,1,6828.58
2026-05-03,Південь,Ігор,Клавіатура,1,1219.22
2026-05-03,Південь,Олена,Монітор,1,7011.83
2026-05-04,Захід,Олена,Ноутбук,1,33022.53
2026-05-06,Північ,Тарас,Монітор,10,7595.55
2026-05-06,Північ,Ігор,Монітор,5,6785.92
2026-05-07,Південь,Ігор,Ноутбук,3,31555.49
2026-05-07,південь,Тарас,Мишка,1,626.29
2026-05-07,Захід,Марта,Мишка,1,705.81
2026-05-08,Північ,Марта,Монітор,2,7217.07
2026-05-09,Захід,Марта,Монітор,5,7308.69
2026-05-10,Захід,Олена,Монітор,3,7827.87
2026-05-11,Схід,Олена,Клавіатура,5,1248.71
2026-05-11,Північ,Марта,Ноутбук,3,33968.44
2026-05-11,Північ,Олена,Мишка,1,641.79
2026-05-12,Північ,Марта,Ноутбук,1,31169.95
2026-05-12,Схід,Марта,Ноутбук,2,33460.11
2026-05-13,Захід,Олена,Монітор,1,8027.32
2026-05-14,північ,Ігор,Мишка,,689.87
2026-05-14,Північ,Олена,Монітор,5,7360.06
2026-05-18,північ,Тарас,Монітор,10,8135.54
2026-05-18,Захід,Тарас,Клавіатура,10,1256.62
2026-05-18,Схід,Олена,Мишка,5,660.72
2026-05-19,Південь,Ігор,Монітор,10,7673.47
2026-05-20,Північ,Ігор,Клавіатура,5,1231.78
2026-05-22,Захід,Тарас,Мишка,2,652.04
2026-05-28,Південь,Ігор,Ноутбук,10,30985.23
2026-05-29,Північ,Ігор,Монітор,3,7459.02
2026-05-29,Захід,Тарас,Клавіатура,1,1165.16
2026-05-30,Північ,Тарас,Клавіатура,10,1223.74
2026-06-03,Південь,Олена,Ноутбук,3,34953.88
2026-06-07,Північ,Ігор,Клавіатура,2,1088.16
2026-06-08,Південь,Ігор,Монітор,5,7354.52
2026-06-08,Схід,Олена,Ноутбук,1,30073.35
2026-06-10,Північ,Ігор,Клавіатура,1,1158.09
2026-06-10,Схід,Марта,Клавіатура,2,1248.12
2026-06-11,Схід,Ігор,Мишка,2,707.45
2026-06-12,Схід,Марта,Мишка,1,655.36
2026-06-12,Захід,Тарас,Монітор,10,7323.87
2026-06-13,Схід,Ігор,Клавіатура,2,1217.98
2026-06-13,Південь,Ігор,Клавіатура,5,1127.35
2026-06-14,Північ,Ігор,Клавіатура,10,1290.63
2026-06-15,Захід,Олена,Мишка,10,652.26
2026-06-16,Захід,Марта,Монітор,2,7571.43
2026-06-16,Захід,Тарас,Клавіатура,5,1198.07
2026-06-17,Схід,Марта,Ноутбук,2,29795.77
2026-06-17,Захід,Ігор,Мишка,1,639.94
2026-06-18,Схід,Марта,Клавіатура,2,1299.97
2026-06-18,Захід,Ігор,Мишка,3,647.43
2026-06-19,Північ,Тарас,Монітор,3,6996.7
2026-06-22,Північ,Марта,Мишка,3,637.51
2026-06-22,Північ,Олена,Мишка,10,589.78
2026-06-23,Схід,Ігор,Клавіатура,10,1243.23
2026-06-24,Захід,Тарас,Мишка,2,690.74
2026-06-24,Захід,Марта,Монітор,5,7329.97
2026-06-25,Схід,Ігор,Монітор,1,7474.23
2026-06-25,Схід,Марта,Мишка,2,634.2
2026-06-28,Південь,Ігор,Монітор,1,8124.77
2026-07-01,Захід,Марта,Клавіатура,1,1208.34
2026-07-01,Захід,Ігор,Мишка,1,646.02
2026-07-02,Південь,Ігор,Мишка,5,707.01
2026-07-04,Південь,Олена,Монітор,2,8159.2
2026-07-05,Південь,Ігор,Мишка,10,661.23
2026-07-05,Північ,Марта,Ноутбук,,32158.5
2026-07-11,Схід,Олена,Монітор,1,8181.19
2026-07-12,Схід,Марта,Монітор,2,7093.59
2026-07-12,Південь,Марта,Монітор,1,7183.01
2026-07-12,Північ,Тарас,Мишка,2,612.06
2026-07-15,Схід,Марта,Мишка,5,594.27
2026-07-16,Схід,Тарас,Клавіатура,1,1106.44
2026-07-16,Схід,Ігор,Клавіатура,3,1134.57
2026-07-16,південь,Ігор,Клавіатура,1,1175.34
2026-07-17,Схід,Марта,Монітор,10,8049.07
2026-07-18,Північ,Марта,Ноутбук,3,30048.81
2026-07-19,Схід,Олена,Ноутбук,10,31714.31
2026-07-20,Південь,Ігор,Клавіатура,2,1099.97
2026-07-22,Схід,Марта,Монітор,10,8031.55
2026-07-24,Південь,Ігор,Клавіатура,3,1218.46
2026-07-25,Захід,Ігор,Клавіатура,2,1309.61
2026-07-25,Південь,Марта,Мишка,1,698.63
2026-07-25,Захід,Ігор,Клавіатура,2,1309.61
2026-07-27,Захід,Тарас,Монітор,5,7903.18
2026-07-28,Північ,Тарас,Мишка,3,617.81
2026-07-28,Південь,Тарас,Мишка,2,689.1
2026-07-29,Захід,Тарас,Мишка,2,698.54
2026-08-01,Північ,Ігор,Монітор,5,7178.8
2026-08-02,Північ,Марта,Монітор,10,8121.03
2026-08-03,Північ,Ігор,Монітор,1,7053.55
2026-08-05,Захід,Тарас,Ноутбук,10,31926.06
2026-08-06,Захід,Олена,Мишка,2,688.21
2026-08-07,Схід,Ігор,Клавіатура,5,1256.92
2026-08-12,Захід,Олена,Клавіатура,10,1259.64
2026-08-12,захід,Марта,Мишка,5,660.16
2026-08-14,Захід,Марта,Монітор,1,7246.55
2026-08-14,Захід,Марта,Клавіатура,10,1082.86
2026-08-16,Південь,Ігор,Клавіатура,3,1094.35
2026-08-17,Схід,Марта,Клавіатура,1,1311.45
2026-08-18,Схід,Ігор,Монітор,1,6888.28
2026-08-19,Схід,Тарас,Мишка,1,703.87
2026-08-21,Північ,Марта,Мишка,1,626.78
2026-08-22,Захід,Олена,Ноутбук,2,32164.83
2026-08-24,Південь,Марта,Клавіатура,1,1294.45
2026-08-24,Північ,Тарас,Мишка,2,604.02
2026-08-25,Схід,Тарас,Мишка,1,599.38
